Gene name	Refseq Name (hg19)	Log2 Fold
TPM4 LOC95173	NM_001145160;NM_003290	-1.979166768
NA	Intergenic	-2.393510943
SPOCD1	NM_001281987;NM_001281988;NM_144569	-3.098926492
AHNAK2	NM_138420	-1.932292693
AHNAK2	NM_138420	-1.801014831
AHNAK2	NM_138420	-1.768893191
SPOCD1	NM_001281987;NM_001281988;NM_144569	-2.494285767
NA	Intergenic	-1.484691168
AHNAK2	NM_138420	-1.911898887
SPOCD1	NM_001281987;NM_001281988;NM_144569	-2.325346183
ATP1A1-AS1	NR_027646;NR_027645;NR_024124;NR_024125;NR_024126	-6.873951311
ATP1A1	NM_000701;NM_001160233;NM_001160234	-6.873951311
AHNAK2	NM_138420	-1.651957739
AHNAK2	NM_138420	-1.938206967
ITGA5	NM_002205	-2.706574618
LOC102724050	NR_120486;NR_120487;NR_120488	-2.706574618
AHNAK2	NM_138420	-1.589187918
TRIM16L	NM_001037330	-6.582948407
PLEC MIR661	NM_000445;NM_201378;NM_201379;NM_201380;NM_201381;NM_201384;NM_201383;NM_201382;NR_030383	-1.517770322
NA	Intergenic	-1.73903786
TPM4 LOC95173	NM_001145160;NM_003290	-1.574122958
NA	Intergenic	-2.254729316
ITGA5	NM_002205	-2.179772895
LOC102724050	NR_120486;NR_120487;NR_120488	-2.179772895
ITGA3	NM_002204;NM_005501	-1.109791588
NA	Intergenic	-2.427052969
PLEC MIR661	NM_000445;NM_201378;NM_201379;NM_201380;NM_201381;NM_201384;NM_201383;NM_201382;NR_030383	-1.122493871
PAPPA LOC140359 LOC93201	NM_002581	-1.528601291
CLEC2A	NM_207375;NM_001130711	-5.540847769
PDLIM5	NM_001256425;NM_006457;NM_001256428;NM_001256427;NM_001256426;NM_001011513;NM_001011516;NM_001011515;NR_046186;NM_001256429	-2.531470383
IER5L	NM_203434	-1.367091666
NA	Intergenic	-1.115189179
ITGA3	NM_002204;NM_005501	-1.106132251
PICART1	NR_038230	-1.106132251
ACTN4	NM_004924	-1.331656738
ACTB LOC115571	NM_001101	-1.842013576
NA	Intergenic	-2.218888249
AHNAK2	NM_138420	-1.195783765
ZYX MIR6892	NM_001010972;NM_003461;NR_106952	-1.814300717
SPOCD1	NM_001281987;NM_001281988;NM_144569	-2.479887718
PHLDA3	NR_073080;NM_012396	-1.597921977
AHNAK2	NM_138420	-1.268999033
ASAP2	NM_001135191;NM_003887	-4.611902022
ITGA3	NM_002204;NM_005501	-1.038433398
C6orf141	NM_001145652	-2.327841237
NA	Intergenic	-1.061238606
AHNAK2	NM_138420	-2.813874957
ACTB LOC115571	NM_001101	-1.128216286
PAPPA LOC140359 LOC93201	NM_002581	-1.280427645
KCP	NM_001135914;NM_199349	-3.050397035
CBX4	NM_003655	-2.672623853
ZNF503	NR_120651;NM_032772	-1.313481952
DVL1 MIR6808	NM_004421;NR_106866	-1.529384284
DNAH1	NM_015512	-3.393998029
NA	Intergenic	-2.646078232
CSF1	NM_172210;NM_172212;NM_000757;NM_172211	-1.896090388
FAM20C	NM_020223	-3.679675105
AHNAK2	NM_138420	-1.257696875
ZYX MIR6892	NM_001010972;NM_003461;NR_106952	-1.654082686
JUNB	NM_002229	-1.423461818
IER5L	NM_203434	-1.684591838
MYH9 MIR6819	NM_002473;NR_106877	-1.911538725
NA	Intergenic	-1.222776309
LINC01411	NR_125806	-1.467642447
AHNAK2	NM_138420	-1.913776524
MKNK2	NM_017572;NM_199054	-2.065133081
DYRK3	NM_001004023;NM_003582	-3.426997293
AHNAK2	NM_138420	-1.129237668
NA	Intergenic	-1.232527905
NA	Intergenic	-1.592268492
KCP	NM_001135914;NM_199349	-2.317834
ZNF281	NM_012482;NM_001281294;NM_001281293	-1.293578238
TP53INP2	NM_021202	-1.428449013
ZNF281	NM_012482;NM_001281294;NM_001281293	-1.515895912
CFL1	NM_005507	-1.747453567
PTP4A2	NM_080391;NM_001195101;NM_001195100	-1.815691154
KLF7 MIR2355	NM_001270944;NM_003709;NR_073108;NM_001270942;NM_001270943;NR_036227	-1.137941614
KCP	NM_001135914;NM_199349	-2.265697516
PHLDA3	NR_073080;NM_012396	-1.357782995
EVA1A	NM_001135032;NM_032181	-1.819354034
ACTN1	NM_001102;NM_001130004;NM_001130005	-1.756117097
EXT1	NM_000127	-1.456169581
NA	Intergenic	-1.117180663
ZNF783	NM_001195220	-1.739914811
NA	Intergenic	-2.340597265
BAIAP2-AS1	NR_026857	-2.846270331
ABHD8	NM_024527	-3.517070482
KCP	NM_001135914;NM_199349	-2.507450163
FAM212B LOC101928718	NM_019099;NM_198926;NR_125963	-1.712560281
NA	Intergenic	-3.218508547
GAS6-AS1	NR_044995	-1.734919855
GAS6	NM_000820	-1.734919855
NA	Intergenic	-2.064709067
DLGAP4-AS1	NR_109939	-2.329373151
MYL9	NM_006097;NM_181526	-2.329373151
PRDM2	NM_001135610;NM_015866;NM_012231;NM_001007257	-3.501275815
IQCD	NM_138451	-1.681439612
TPCN1 MIR6762	NM_001143819;NM_017901;NM_001301214;NR_106820	-1.681439612
KCP	NM_001135914;NM_199349	-2.520867801
DVL1 MIR6808	NM_004421;NR_106866	-1.175775998
AGAP3	NM_001281300;NM_001042535;NM_031946	-1.949475751
CAPN2	NM_001146068;NM_001748	-1.578846367
AHNAK2	NM_138420	-1.010454503
TAS1R3	NM_152228	-1.277014378
TCIRG1 MIR6753	NM_006019;NM_006053;NR_106811	-1.453185469
HIGD1A LOC113817	NM_001099668;NM_001099669;NM_014056	-2.807542273
IGDCC4	NM_020962	-2.978213192
AHNAK2	NM_138420	-1.065168264
ALG3	NM_005787;NR_024533;NR_024534;NM_001006941	-1.602471865
VWA5B2 MIR1224	NM_138345;NR_030410	-1.602471865
NA	Intergenic	-1.203140647
ITGA5	NM_002205	-1.761246119
LOC102724050	NR_120486;NR_120487;NR_120488	-1.761246119
NA	Intergenic	-1.035738514
NA	Intergenic	-1.472666356
ACSS2	NM_001242393;NM_001076552;NM_018677	-2.174772591
PLEKHO1	NM_016274	-1.178267196
SLC35C1	NM_001145265;NM_001145266;NM_018389	-2.405978931
RAP1B	NM_001010942;NM_001251922;NM_015646;NM_001251918;NM_001251917;NM_001251921	-2.031643793
PLCXD2 PHLDB2	NM_153268;NM_001185106;NM_001134437;NM_001134438;NM_145753;NM_001134439	-2.7898167
DLGAP4-AS1	NR_109939	-1.830951624
PXN	NM_002859;NM_001243756;NM_001080855;NM_025157	-1.302322639
PTGES	NM_004878	-2.442743379
CXXC5	NM_016463	-1.699151295
INF2	NM_032714;NM_001031714;NM_022489	-1.165837613
NA	Intergenic	-1.660320585
SQSTM1 LOC96503	NM_001142298;NM_001142299;NM_003900	-1.056706272
PXN	NM_002859;NM_001243756;NM_001080855;NM_025157	-1.362553484
ITGA5	NM_002205	-1.903194693
LOC102724050	NR_120486;NR_120487;NR_120488	-1.903194693
NA	Intergenic	-1.442592486
ZBTB47	NM_145166	-1.252647515
IER5	NM_016545	-1.399510593
GLI4	NM_138465	-1.067262303
FUT8-AS1	NR_024334	-1.959233508
FUT8	NM_004480;NM_178155;NM_178156;NR_038167;NR_038170	-1.959233508
FAM91A1	NM_144963	-2.802593142
NA	Intergenic	-1.882819603
TPM1	NM_001018005;NM_001018006;NM_001018007;NM_001018020;NM_001301244;NM_000366;NM_001018004;NM_001018008;NM_001301289	-2.630283189
AHNAK2	NM_138420	-1.902302658
TRIB1	NM_025195;NM_001282985	-2.024682687
SPOCD1	NM_001281987;NM_001281988;NM_144569	-1.587386269
ZBTB7A	NM_015898	-2.284321564
NDOR1	NM_001144026;NM_001144027;NM_001144028;NM_014434	-1.108437139
KRR1	NM_007043	-2.476277135
GLIPR1	NM_006851	-2.476277135
GAS6-AS1	NR_044995	-3.170162674
GAS6	NM_000820	-3.170162674
PLEC MIR661	NM_000445;NM_201378;NM_201379;NM_201380;NM_201381;NM_201384;NM_201383;NM_201382;NR_030383	-1.085064101
COTL1	NM_021149	-1.76852717
CSF1	NM_172210;NM_172212;NM_000757;NM_172211	-1.356214237
CREB3 MIR6853	NM_006368;NR_106912	-1.106047595
NA	Intergenic	-1.210722594
SPOCD1	NM_001281987;NM_001281988;NM_144569	-1.625170865
ZNF783	NM_001195220	-1.628503443
NA	Intergenic	-2.728333543
POLD4	NM_021173;NR_046412;NR_046413;NM_001256870;NR_046411	-1.161421208
LOC100130987	NR_024469	-1.161421208
NA	Intergenic	-1.114203884
MYO1E LOC112552 MIR2116	NM_004998;NR_031750	-1.923668391
CNN2	NM_004368;NM_201277	-2.838530393
NORAD	NR_027451	-2.314156894
AHNAK2	NM_138420	-1.518017798
NA	Intergenic	-1.163679578
CXCR6	NM_006564	-2.941429165
FYCO1	NM_024513	-2.941429165
SPOCD1	NM_001281987;NM_001281988;NM_144569	-2.02109501
TPM1	NM_001018005;NM_001018006;NM_001018007;NM_001018020;NM_001301244;NM_000366;NM_001018004;NM_001018008;NM_001301289	-1.678565003
ANKRD23	NM_144994	-3.022900402
NA	Intergenic	-3.007504406
SERTAD3	NM_013368;NM_203344	-2.534504422
MMP2	NM_001302508;NM_004530;NM_001302510;NM_001302509;NM_001127891	-1.472778174
AGAP3	NM_001281300;NM_001042535;NM_031946	-2.000158878
TMEM120B	NM_001080825	-1.398828266
NA	Intergenic	-2.137483114
VTN	NM_000638	-1.186026054
MAP2K3	NM_145109;NM_002756	-2.442100226
DLGAP4-AS1	NR_109939	-2.819128024
MYL9	NM_006097;NM_181526	-2.819128024
PSMG3-AS1	NR_021487;NR_027328;NR_027329	-2.286437978
NA	Intergenic	-2.892797229
SMIM20	NM_001145432	-2.728417701
HYOU1	NM_001130991;NM_006389	-2.922713646
NA	Intergenic	-1.165972584
TSSC4	NM_001297658;NM_001297660;NM_001297661;NM_005706;NM_001297659	-1.147857857
NA	Intergenic	-1.165726948
IK LOC94375 LOC83003 MIR3655	NM_006083;NR_037428	-2.197797905
NA	Intergenic	-2.09046581
FBXO32	NM_148177;NM_001242463;NM_058229	-2.160905486
GAS6-AS1	NR_044995	-2.381202869
GAS6	NM_000820	-2.381202869
ENG	NM_001278138;NM_000118;NM_001114753	-1.018626355
BSG	NM_198590;NM_198591;NM_001728;NM_198589	-1.169915322
TMEM127	NM_017849;NM_001193304	-2.13737617
TTC39A	NM_001297666;NM_001297667;NM_001080494;NM_001297665;NM_001297664;NM_001297663;NM_001144832;NM_001297662	-2.868421471
NAT9	NM_015654	-1.575116854
LINC01411	NR_125806	-2.056590375
AGAP3	NM_001281300;NM_001042535;NM_031946	-1.879306542
SRF	NM_003131;NM_001292001	-2.313164895
NA	Intergenic	-1.56318321
GRB10	NM_001001550;NM_001001549;NM_005311;NM_001001555	-1.731256176
LINC01411	NR_125806	-1.598448743
CDK11B LOC87720 SLC35E2B CDK11A	NM_033490;NM_033487;NM_033489;NM_001787;NM_001291345;NM_033486;NM_001110781;NM_001290264;NM_024011;NM_033529	-1.416660101
TRIB1	NM_025195;NM_001282985	-1.329899617
TGIF2 TGIF2-C20orf24 C20orf24	NM_001199513;NM_001199514;NM_021809;NM_001199515;NM_001199535;NM_001199534;NM_018840;NM_199483;NR_026562	-1.977137577
NA	Intergenic	-1.606496278
TUBA4B	NR_003063	-1.647078838
PAPPA LOC140359 LOC93201	NM_002581	-1.317265092
NA	Intergenic	-1.625459795
NA	Intergenic	-2.54227433
LSR	NM_001260489;NM_205835;NM_205834;NM_015925;NM_001260490	-1.065588767
PPP6R3	NM_001164164;NM_018312;NM_001164163;NM_001164162;NM_001164161;NM_001164160	-2.559341655
NA	Intergenic	-1.827045753
NA	Intergenic	-1.103271485
NA	Intergenic	-1.766839481
ZDHHC7	NM_001145548;NM_017740	-2.222481994
NA	Intergenic	-1.486712125
CNBP	NM_001127195;NM_003418;NM_001127196;NM_001127194;NM_001127193;NM_001127192	-1.748097485
NRG4	NM_138573	-2.139057873
NA	Intergenic	-1.889236344
SLC4A2 LOC96677	NM_001199692;NM_003040;NM_001199693;NM_001199694	-1.010213378
MIDN	NM_177401	-1.43808334
FBXO31	NM_024735;NM_001282683	-1.574708141
B9D1 MIR1180	NM_001243475;NM_001243473;NM_015681;NR_031591	-2.327897288
NA	Intergenic	-2.088008607
NA	Intergenic	-2.036125538
FAM212B LOC101928718	NM_019099;NM_198926;NR_125963	-1.168645313
ZC3H12A MIR6732	NM_025079;NR_106790	-1.738267941
TP53INP2	NM_021202	-1.386934958
NTMT1	NM_001286796;NM_001286797;NM_001286798;NM_001286800;NM_001286801;NM_001286802;NM_001286803;NM_014064;NR_104596;NM_001286799	-1.099336862
SNHG20 SEC14L1 SCARNA16 MIR6516	NR_027058;NM_001204408;NM_001204410;NR_003013;NR_106997;NM_001039573;NM_001143998;NM_001143999;NM_003003;NM_001144001	-2.124058756
JAG2 MIR6765	NM_002226;NM_145159;NR_106823	-1.729924271
GSN	NM_001127666;NM_198252;NM_001127667;NM_001127665;NM_001127664;NM_001127663;NM_001127662;NM_001258029;NM_001258030;NM_000177	-2.195439282
NA	Intergenic	-2.589276042
WHAMM	NM_001080435	-2.129373086
MRPL23	NM_021134	-1.09635154
TBRG4 SNORA5A SNORA5C SNORA5B	NM_001261834;NM_004749;NM_030900;NM_199122;NR_002919;NR_002991;NR_002990	-1.431299038
ADAT3 SCAMP4	NM_138422;NM_079834	-1.987872567
ZNF623	NM_001261843;NM_001082480;NM_014789	-1.311938333
ABCA7 LOC96332 LOC82481	NM_019112	-2.161961339
MAPKAPK3	NM_001243926;NM_001243925;NM_004635	-1.277260512
ABCA1	NM_005502	-2.421032377
LRP1 MIR1228	NM_002332;NR_031597	-2.602898444
LOC339529	NR_033883	-2.302548933
ZFPM1 MIR5189	NM_153813;NR_049821	-1.597237126
RPS3 LOC389181 SNORD15A SNORD15B	NM_001005;NM_001260506;NM_001260507;NM_001256802;NR_000005;NR_000025	-2.02168398
GAS6	NM_000820	-1.978035654
GAS6-AS1	NR_044995	-1.978035654
ACTN1	NM_001102;NM_001130004;NM_001130005	-1.542915887
VEGFA	NM_001204384;NM_003376;NM_001204385;NM_001171630;NM_001171629;NM_001171628;NM_001171627;NM_001171626;NM_001171625;NM_001171623;NM_001171622;NM_001033756;NM_001025370;NM_001025369;NM_001025368;NM_001025367;NM_001025366;NM_001171624;NM_001287044	-1.186413124
VTN	NM_000638	-1.12529766
AHNAK2	NM_138420	-1.156880854
TSNARE1	NM_145003;NM_001291931	-1.870658227
PELI3	NM_001243135;NM_001098510;NM_001243136;NM_145065	-1.00765259
LOC101928069	NR_120586	-1.00765259
CXXC5	NM_016463	-1.089632084
NA	Intergenic	-1.180404296
TCIRG1 MIR6753	NM_006019;NM_006053;NR_106811	-1.271979306
NA	Intergenic	-1.509086419
C15orf39	NM_015492	-1.77154265
MYO19	NM_001163735;NM_025109;NM_001033580	-2.309259369
SLA2	NM_032214;NM_175077	-1.044453335
TOP3B	NM_001282112;NM_001282113;NM_003935	-1.632343837
TUBGCP4 LOC113197 MAP1A CKMT1B	NM_001286414;NM_014444;NR_046489;NM_002373;NM_020990	-1.082720776
NA	Intergenic	-1.048907586
TSG101	NM_006292	-2.558407348
SYMPK	NM_004819	-1.482801177
LRRC45	NM_144999	-2.020700083
FERMT2	NM_001134999;NM_006832;NM_001135000	-2.090423259
IRS1	NM_005544	-1.000037397
TRIB2 MIR3125	NM_021643;NR_027303;NR_036072	-2.449826423
ZNF408	NM_024741;NM_001184751	-1.920280162
GAS6-AS1	NR_044995	-1.972142629
GAS6	NM_000820	-1.972142629
ATXN2L	NM_007245;NM_017492;NM_145714;NM_148414;NM_148415;NM_148416	-1.006110019
GPN2	NM_018066	-1.225799406
GPATCH3	NM_022078	-1.225799406
INF2	NM_032714;NM_001031714;NM_022489	-1.283571441
FHOD1	NM_013241	-1.041674089
ZC3H12A MIR6732	NM_025079;NR_106790	-1.123204511
FMN1	NM_001103184;NM_001277313;NM_001277314	-1.246439752
ZNF783	NM_001195220	-1.083626882
KDM4A-AS1	NR_033827	-1.404506832
KDM4A	NM_014663	-1.404506832
CFL1	NM_005507	-1.007342171
PVR	NM_001135770;NM_001135768;NM_001135769;NM_006505	-1.44102454
C15orf39	NM_015492	-2.021814575
GSN	NM_001127666;NM_198252;NM_001127667;NM_001127665;NM_001127664;NM_001127663;NM_001127662;NM_001258029;NM_001258030;NM_000177	-2.159725303
TPM4 LOC95173	NM_001145160;NM_003290	-1.773839286
SPRED2	NM_001128210;NM_181784	-1.73581213
ATXN1L	NM_001137675	-1.683752617
PTGES	NM_004878	-2.153508388
TGFBR1	NM_001130916;NM_004612	-1.349623112
RHOQ LOC129891	NM_012249	-2.336491043
SSH1	NM_018984;NM_001161331;NM_001161330	-2.30212366
NA	Intergenic	-1.452681711
WWTR1	NM_001168280;NM_015472;NM_001168278	-1.640356194
WWTR1-AS1	NR_040250	-1.640356194
KLHL21	NM_014851	-1.247769593
SPATA20	NM_001258372;NM_001258373;NM_022827	-1.333737753
GALNT11	NM_022087	-2.279452127
ACTR3	NM_005721;NR_102318;NM_001277140	-1.737601003
LOC101060091	NR_110174	-1.737601003
SH3BP4	NM_014521	-1.192257147
NA	Intergenic	-1.066765042
NA	Intergenic	-1.681426219
NA	Intergenic	-1.648020014
YRDC	NM_024640	-1.029386816
NA	Intergenic	-1.543551483
NA	Intergenic	-1.141145105
KCP	NM_001135914;NM_199349	-2.327691966
RRAS2	NM_001177315;NM_001102669;NM_012250;NM_001177314	-2.357586994
CDKN1A	NM_001220777;NM_078467;NM_001291549;NM_000389;NM_001220778	-1.784974066
NA	Intergenic	-1.316631121
NA	Intergenic	-1.999365569
ZYX MIR6892	NM_001010972;NM_003461;NR_106952	-1.223900626
NA	Intergenic	-1.631403072
UBR5	NM_001282873;NM_015902	-2.356100719
NA	Intergenic	-1.857514344
WBP2	NM_012478	-1.967827664
PVR	NM_001135770;NM_001135768;NM_001135769;NM_006505	-1.394785422
SEPT8	NM_001098811;NM_001300798;NM_001300799;NM_001098812;NM_015146;NM_001098813	-1.975623557
SSH1	NM_018984;NM_001161331;NM_001161330	-2.027599299
ARHGAP27P1-BPTFP1-KPNA2P3 ARHGAP27P1	NR_026899;NR_027487	-1.673178826
UBAP1L	NM_001163692	-1.430253493
TEKT4P2	NR_038327;NR_038328;NR_038329	-1.09235026
TGFBR1	NM_001130916;NM_004612	-1.256506636
BSDC1	NM_001143888;NM_001143889;NM_001143890;NM_001300958;NM_018045;NR_125352	-1.208214495
NA	Intergenic	-1.886778661
TTYH1	NM_001005367;NM_001201461;NM_020659	-1.524533736
NA	Intergenic	-1.447984453
NA	Intergenic	-1.857962257
CTSB	NM_147783;NM_147782;NM_147781;NM_147780;NM_001908	-1.992090622
PTMS	NM_002824	-2.312831774
TRMT1	NM_001142554;NM_017722;NM_001136035	-1.23360093
JRK LOC286166	NM_001077527;NM_001279352;NM_003724	-1.236317668
HK1	NM_033500;NM_033497;NM_033498;NM_033496;NM_000188	-1.420258565
ZNF75A	NM_001302109;NM_153028;NR_126069	-2.286435085
JRK LOC286166	NM_001077527;NM_001279352;NM_003724	-1.345554813
POLD1	NM_001256849;NM_002691;NR_046402	-1.436019656
ATP2B4 SNORA77 LINC00260	NM_001001396;NM_001684;NR_003019;NR_046213	-1.515774992
MYLK	NM_053031;NM_053032;NM_053025;NM_053026;NM_053027;NM_053028	-1.772296067
NA	Intergenic	-2.095493434
NA	Intergenic	-1.164114771
NA	Intergenic	-1.648826314
ATP1A1	NM_000701;NM_001160233;NM_001160234	-1.564264608
TLCD2	NM_001164407	-1.053147694
GPN2	NM_018066	-1.301480253
NA	Intergenic	-1.421121295
NA	Intergenic	-1.373996266
ARFGAP1 MIR4326	NM_001281482;NM_001281483;NM_001281484;NM_018209;NM_175609;NR_104022;NR_104023;NR_036220	-1.541107067
TNK2 MIR6829	NM_001010938;NM_005781;NR_106887	-1.366661383
INTS1	NM_001080453	-1.299153406
CDKN1A	NM_001220777;NM_078467;NM_001291549;NM_000389;NM_001220778	-1.332833294
PRRT2	NM_001256442;NM_001256443;NM_145239	-1.066973617
MED9	NM_018019	-1.395499156
AP5Z1	NM_014855	-1.160174434
TMEM43 LOC116287 LOC95749	NM_024334	-1.093266726
FLNA	NM_001110556;NM_001456	-1.740705762
CNIH2	NR_073079;NM_182553;NR_073078	-1.328230823
TMPRSS9	NM_182973	-1.070868776
NFKBIE	NM_004556	-1.253976699
SLC35B2 MIR4647	NM_001286511;NM_178148;NM_001286520;NM_001286519;NM_001286517;NM_001286513;NM_001286509;NM_001286512;NM_001286510;NR_039790	-1.253976699
TPCN1 MIR6762	NM_001143819;NM_017901;NM_001301214;NR_106820	-1.956123459
NA	Intergenic	-1.262781007
NA	Intergenic	-1.870023582
NA	Intergenic	-1.241324354
GOPC LOC87650	NM_001017408;NM_020399	-1.853117645
NA	Intergenic	-2.02520554
GTPBP4	NM_012341	-1.917015249
HMGA2 LOC138015 LOC125337 LOC118724 LOC92026	NM_001300919;NM_003484;NM_001300918;NM_003483	-1.091892771
RPSAP52	NR_026825	-1.091892771
ATP6V0D1	NM_004691	-1.068020648
LINC02449	NR_120454;NR_120455	-1.381510947
FAM86FP	NR_024254	-1.381510947
MYO15B	NR_003587	-1.267479294
PSAP	NM_001042465;NM_001042466;NM_002778	-1.248012176
BCAR1	NM_001170714;NM_001170719;NM_001170718;NM_001170716;NM_001170715;NM_001170720;NM_014567;NM_001170717;NM_001170721	-1.095827127
TBC1D9B	NM_015043;NM_198868	-1.140806563
MACROD1	NM_014067	-1.17387996
OTUB1	NM_017670;NR_003089	-1.17387996
GLRX	NM_001243658;NM_002064;NM_001243659;NM_001118890	-1.061653604
CCNH	NM_001239;NM_001199189	-2.065525395
PDIA5 MIR7110	NM_006810;NR_028444;NR_106960	-1.556533429
PDCD11	NM_014976	-1.582233231
CSF1	NM_172210;NM_172212;NM_000757;NM_172211	-2.065234619
NUTM2G	NM_001170741;NM_001045477	-1.158735487
NA	Intergenic	-1.864519644
NA	Intergenic	-1.06084577
NA	Intergenic	-1.068392207
PHYKPL	NR_103508;NR_103509;NR_103510;NM_153373;NM_001278346	-1.436251951
MAPKAPK3	NM_001243926;NM_001243925;NM_004635	-1.214922889
NA	Intergenic	-1.368520061
MAST2	NM_015112	-1.006743143
DNAI1	NM_001281428;NM_012144	-2.105157032
GAS6	NM_000820	-2.008219739
IQCJ-SCHIP1-AS1	NR_121669	-1.747273032
IQCJ IQCJ-SCHIP1 SCHIP1 MIR3919	NM_001042706;NM_001197113;NM_001197114;NM_001042705;NM_001197100;NM_001197107;NM_001197108;NM_014575;NR_037483;NM_001197109	-1.747273032
ACTN1	NM_001102;NM_001130004;NM_001130005	-1.392757764
DUSP4	NM_057158;NM_001394	-1.685935714
FAM118A	NM_001104595;NM_017911	-1.035608829
WDR81	NM_001163673;NM_152348;NM_001163811;NM_001163809	-1.597336345
NA	Intergenic	-1.071838308
WDR34	NM_052844	-1.06897759
NA	Intergenic	-1.112866683
PTPN23	NM_015466	-1.039482826
NA	Intergenic	-1.545586655
NA	Intergenic	-1.142458849
SLC35C2	NM_001281458;NM_001281459;NM_001281460;NM_015945;NM_173073;NM_173179;NM_001281457	-1.055958559
NA	Intergenic	-1.412946482
UNC45A	NM_001039675;NM_018671	-1.819471432
DUOX1	NM_017434;NM_175940	-1.398494568
ZNF623	NM_001261843;NM_001082480;NM_014789	-1.166344223
NR2F2 MIR1469	NM_001145155;NM_021005;NM_001145156;NR_031715;NM_001145157	-1.707821863
HNRNPC LOC113373	NM_001077443;NM_031314;NM_004500;NM_001077442	-1.706274989
INTS1	NM_001080453	-1.595383903
NA	Intergenic	-2.032625504
COX19	NM_001031617	-1.067453303
SPAG9	NM_001251971;NM_003971;NM_001130528;NM_001130527	-1.448405591
CSF1	NM_172210;NM_172212;NM_000757;NM_172211	-1.113516346
MAN1A1	NM_005907	-1.158803534
AARS2	NM_020745	-1.96865294
NA	Intergenic	-1.138061205
TXNRD1 EID3	NM_001093771;NM_001261446;NM_003330;NM_182729;NM_182742;NM_182743;NM_001261445;NM_001008394	-1.318153795
NA	Intergenic	-1.513308149
NA	Intergenic	-1.479339022
TGIF2 TGIF2-C20orf24 C20orf24	NM_001199513;NM_001199514;NM_021809;NM_001199515;NM_001199535;NM_001199534;NM_018840;NM_199483;NR_026562	-1.864589522
KDM8	NM_024773;NM_001145348	-1.371626781
CYHR1	NM_138496;NM_032687;NM_001129888	-1.29138816
AHNAK2	NM_138420	-1.356497719
ATG2A MIR6750 MIR6749	NM_015104;NR_106808;NR_106807	-1.766848602
GSTZ1	NM_145870;NM_145871;NM_001513	-1.407321981
NDUFV1	NM_001166102;NM_007103	-1.151577185
VPS37B	NM_024667	-1.239693719
TADA3	NM_006354;NR_103488;NM_001278270;NM_133480	-1.122960219
ARPC4 LOC131955 LOC112593 ARPC4-TTLL3 TTLL3	NM_001024959;NM_001024960;NM_005718;NM_001198793;NM_001198780;NM_001025930;NR_037162	-1.122960219
SLC26A6 MIR6824	NM_001281733;NM_134263;NM_134426;NM_022911;NM_001040454;NM_001281732;NR_106882	-1.340888941
NA	Intergenic	-1.157586987
ARHGAP27P1-BPTFP1-KPNA2P3 ARHGAP27P1	NR_026899;NR_027487	-1.273348309
TPPP	NM_007030	-1.061438321
NA	Intergenic	-1.891399664
NA	Intergenic	-1.127502406
CTSD	NM_001909	-1.595574751
LRRC29	NM_001004055;NM_012163	-1.041944518
TMEM208	NM_014187	-1.041944518
KDM8	NM_024773;NM_001145348	-1.525076105
AP5B1	NM_138368	-1.53876216
PPP1R12C	NM_017607;NM_001271618	-1.299588789
ACCS	NM_001127219;NM_032592	-1.696712212
SQSTM1 LOC96503	NM_001142298;NM_001142299;NM_003900	-1.322623812
NA	Intergenic	-1.440183879
TOM1 MIR3909	NM_001135729;NM_001135730;NM_001135732;NM_005488;NR_024194;NR_024195;NR_037471	-1.949673122
NA	Intergenic	-1.760073721
EFCAB7 DLEU2L	NM_032437;NR_002771	-1.981106929
NPC1	NM_000271	-1.902525195
LOC100506548	NR_037665	-1.058787158
LENG9	NM_001301782;NM_198988	-1.608475
BCL6	NM_001134738;NM_001130845;NM_001706	-1.045777589
MMP2	NM_001302508;NM_004530;NM_001302510;NM_001302509;NM_001127891	-1.285845404
MYO15B	NR_003587	-1.326767335
TXN	NM_003329;NM_001244938	-1.290127623
PTGES	NM_004878	-1.742170753
NA	Intergenic	-1.330069289
MYL9	NM_006097;NM_181526	-1.784170229
DLGAP4-AS1	NR_109939	-1.784170229
DVL1 MIR6808	NM_004421;NR_106866	-1.390598377
MKNK2	NM_017572;NM_199054	-1.182658606
SURF1	NM_003172;NM_001280787	-1.266108096
RPL7A LOC132587 LOC86861 LOC82124 SNORD24 SNORD36B SNORD36A SNORD36C	NM_000972;NR_002447;NR_000017;NR_002448;NR_000016	-1.266108096
WDR1 MIR3138	NM_005112;NM_017491;NR_036090	-1.695784958
LDLRAP1	NM_015627	-1.099808536
MIA MIA-RAB4B RAB4B RAB4B-EGLN2 EGLN2	NM_001202553;NM_006533;NR_037775;NM_016154;NR_037791;NM_080732;NM_053046	-1.520997164
NA	Intergenic	-1.681044152
STK40	NM_001282546;NM_001282547;NM_032017	-1.087582909
JAG2 MIR6765	NM_002226;NM_145159;NR_106823	-1.529660028
PVR	NM_001135770;NM_001135768;NM_001135769;NM_006505	-1.067676047
BLOC1S2	NM_001282439;NM_173809;NM_001282437;NM_001282436;NM_001282438;NM_001001342	-1.199249897
UBE2V1 TMEM189-UBE2V1 TMEM189	NM_001282578;NM_199203;NM_199144;NM_022442;NM_021988;NM_001282575;NM_001257394;NM_001257393;NR_047554;NM_001282579;NM_001282577;NM_001282576;NM_001257399;NM_001257398;NM_001257397;NM_001257396;NM_001257395;NM_001032288;NR_104218;NM_001282580;NM_001162505;NM_199129;NR_027889	-1.166474963
ATG2A MIR6750 MIR6749	NM_015104;NR_106808;NR_106807	-1.649976239
NA	Intergenic	-1.104678629
GNAL CHMP1B	NM_182978;NM_001142339;NM_001261443;NM_020412;NM_001261444	-1.51738894
TRIP10	NM_004240;NR_110231;NM_001288963;NM_001288962	-1.59946207
SERINC5	NM_001174071;NM_178276;NR_126060;NR_126061;NM_001174072	-1.686694672
NA	Intergenic	-1.636113238
TNFAIP1	NM_021137	-1.046958525
CELSR3 MIR4793	NM_001407;NR_039956	-1.286853063
DLG5	NM_004747	-1.668035711
NA	Intergenic	-1.762633468
CACNB3	NM_001206917;NM_001206916;NM_000725;NM_001206915	-1.80477946
DAPK3 MIR637	NM_001348;NR_030367	-1.226921345
ARHGAP31	NM_020754	-1.33833251
WWTR1-AS1	NR_040250	-1.231661146
WWTR1	NM_001168280;NM_015472;NM_001168278	-1.231661146
NA	Intergenic	-1.080158838
DPYSL2	NM_001197293;NM_001386;NM_001244604	-1.112285581
NA	Intergenic	-1.864057173
SMUG1	NM_001243787;NM_001243788;NM_014311;NM_001243791;NR_045039;NM_001243790;NM_001243789	-1.158606978
PDE6G	NR_026872;NM_002602	-1.68384362
IQGAP1	NM_003870	-1.394169448
NA	Intergenic	-1.22203561
NFIC	NM_001245005;NM_205843;NM_001245002;NM_001245004;NM_005597	-1.860918805
NA	Intergenic	-1.736762158
SARM1	NM_015077	-1.703136625
AHNAK2	NM_138420	-1.250828384
NA	Intergenic	-1.581864542
TNS2 MIR6757	NM_198316;NM_015319;NM_170754;NR_106815	-1.05401375
SPRYD3	NM_032840	-1.05401375
CITED2	NM_001168389;NM_001168388;NM_006079	-1.277447996
LOC646626	NR_045484	-1.32669113
PDE6G	NR_026872;NM_002602	-1.402111091
IFITM10	NM_001170820	-1.679986394
ABCC10 MIR6780B	NM_001198934;NM_033450;NR_106894	-1.404400722
KRTCAP3	NM_001168364;NM_173853	-1.40053225
NRBP1	NM_013392	-1.40053225
NCL SNORA75 SNORD20 SNORD82	NM_005381;NR_002921;NR_002908;NR_004398	-1.247334734
ASAP1 ASAP1-IT2 ASAP1-IT1	NM_001247996;NM_018482;NR_045385;NR_002765	-1.501681725
MIR4656	NR_039800	-1.091685456
AP5Z1	NM_014855	-1.091685456
THEM6	NM_016647	-1.127516547
CCDC174	NM_016474	-1.411979531
RUNX2	NR_103532;NR_103533;NM_001015051;NM_001024630;NM_001278478	-1.429143426
DPH1 OVCA2	NM_001383;NM_080822	-1.209100412
BCAR1	NM_001170714;NM_001170719;NM_001170718;NM_001170716;NM_001170715;NM_001170720;NM_014567;NM_001170717;NM_001170721	-1.443102471
CDAN1	NM_138477	-1.349814696
HDAC10	NM_001159286;NM_032019	-1.69630595
SMAD3	NM_005902;NM_001145102;NM_001145103;NM_001145104	-1.436779677
CLCN2	NM_001171087;NM_001171088;NM_001171089;NM_004366	-1.569071693
ZBTB4	NM_001128833;NM_020899	-1.436795708
KLHL21	NM_014851	-1.352154176
CHRNG	NM_005199	-1.110462908
QSER1	NM_001076786	-1.360331118
FMN1	NM_001103184;NM_001277313;NM_001277314	-1.780897829
AKR1B1	NM_001628	-1.779111582
RTN4	NM_153828;NM_207520;NM_020532;NM_207521;NM_007008	-1.277058138
CYHR1	NM_138496;NM_032687;NM_001129888	-1.239067422
COLGALT1	NM_024656	-1.477814209
DAAM1	NM_001270520;NM_014992	-1.042201894
ZNF783	NM_001195220	-1.004785935
LIMD1-AS1	NR_033947	-1.698178544
MTHFR	NM_005957	-1.070829806
C1orf167	NM_001010881	-1.070829806
NA	Intergenic	-1.024414964
PLEKHM1 MIR4315-1 MIR4315-2	NM_014798;NR_027782;NR_027774;NR_036199;NR_036271	-1.362570079
ZSWIM5	NM_020883	-1.551161166
SLC9A5	NM_004594	-1.222381698
TOP3B	NM_001282112;NM_001282113;NM_003935	-1.054714882
ZNF775	NM_173680	-1.328679711
MYO15B	NR_003587	-1.290924355
RECQL5	NM_004259;NM_001003715;NM_001003716	-1.290924355
LRP1 MIR1228	NM_002332;NR_031597	-1.153364696
BBC3 MIR3191	NM_001127240;NM_001127241;NM_001127242;NM_014417;NR_036159	-1.488229832
TRMT1	NM_001142554;NM_017722;NM_001136035	-1.023418236
DIS3L2	NM_152383;NR_046477;NM_001257281;NR_046476;NM_001257282	-1.208649743
KANK2 LOC112993	NM_001136191;NM_015493	-1.613079722
SLC25A39	NM_001143780;NM_016016	-1.54083921
ZFPM1 MIR5189	NM_153813;NR_049821	-1.395232155
HMGXB3	NM_014983	-1.114374999
CSF1R	NM_005211;NM_001288705;NR_109969	-1.114374999
BRMS1	NM_001024957;NM_015399	-1.177512155
ZMIZ1	NM_020338	-1.736858018
MAPRE1	NM_012325	-1.122029302
FBXO32	NM_148177;NM_001242463;NM_058229	-1.623011969
TAF1C	NM_001243159;NM_001243160;NM_005679;NM_139353;NM_001243158;NM_001243157;NM_001243156	-1.256760553
ABCC3	NM_001144070;NM_003786	-1.487077933
LRRFIP1	NM_001137550;NM_001137552;NM_001137553;NM_004735;NM_001137551	-1.755046679
NA	Intergenic	-1.284434779
CAPN2	NM_001146068;NM_001748	-1.047375645
GALK1	NM_000154	-1.324854546
ITGB4	NM_000213;NM_001005731;NM_001005619	-1.324854546
TGFBI	NM_000358	-1.745021393
MSN	NM_002444	-1.109009396
ARHGAP1	NM_004308	-1.467434299
CAVIN1	NM_012232	-1.495261433
ABCB8	NM_001282291;NM_001282292;NM_001282293;NM_007188	-1.610960907
TBCB	NM_001281;NM_001300971	-1.091971962
NA	Intergenic	-1.000547907
NA	Intergenic	-1.716381785
FADD	NM_003824	-1.219353937
SFSWAP	NM_001261411;NM_004592	-1.180505265
PPP1R18	NM_001134870;NM_133471	-1.600069393
NA	Intergenic	-1.134623755
NA	Intergenic	-1.066047962
UBAP1L	NM_001163692	-1.051410713
NUTM2G	NM_001170741;NM_001045477	-1.099942845
NA	Intergenic	-1.334906337
ABCC10 MIR6780B	NM_001198934;NM_033450;NR_106894	-1.534824711
KIAA1683	NM_001145304;NM_001145305;NM_025249	-1.095233173
SEZ6	NM_001098635;NM_178860;NM_001290202	-1.097856411
RITA1	NM_001286215;NM_032848	-1.574158356
DDX54 MIR7106	NM_001111322;NM_024072;NR_106956	-1.574158356
TANGO2 MIR185	NM_001283106;NM_001283179;NM_001283186;NR_104274;NM_152906;NM_001283248;NM_001283235;NM_001283215;NM_001283199;NM_001283154;NM_001283148;NM_001283129;NM_001283116;NR_029706;NR_104275	-1.499621297
UBE2V1 TMEM189-UBE2V1 TMEM189	NM_001282578;NM_199203;NM_199144;NM_022442;NM_021988;NM_001282575;NM_001257394;NM_001257393;NR_047554;NM_001282579;NM_001282577;NM_001282576;NM_001257399;NM_001257398;NM_001257397;NM_001257396;NM_001257395;NM_001032288;NR_104218;NM_001282580;NM_001162505;NM_199129;NR_027889	-1.103166246
RNF145	NM_001199382;NM_144726;NM_001199381;NM_001199383;NM_001199380	-1.555408255
RAI1 LOC116307	NM_030665	-1.361836468
CROCCP2	NR_026752	-1.036126441
PLD4	NM_138790	-1.095222746
IPO9 LOC127971 MIR6739	NM_018085;NR_106797	-1.467208302
BFAR	NM_016561	-1.060185539
NA	Intergenic	-1.543883363
KDM4A	NM_014663	-1.488903758
CRTAP	NM_006371	-1.603143496
SLC25A36	NM_001104647;NM_018155	-1.072027628
NA	Intergenic	-1.220607799
SLC9A5	NM_004594	-1.396001161
LOC221946	NR_126168	-1.05527918
CALCOCO1	NM_020898;NR_026554;NM_001143682	-1.594494519
NUTM2D	NR_075100	-1.448255785
NA	Intergenic	-1.386619036
PDXK	NM_003681	-1.300052489
LOC644656	NR_036539	-1.685435294
EPS8L2	NM_022772	-1.435524105
CLIP4 LOC130211	NM_001287528;NR_109844;NM_001287527;NM_024692	-1.290611036
LOC155060	NR_036573	-1.152829898
ZNF783	NM_001195220	-1.152829898
PEPD LOC126241	NM_000285;NM_001166057;NM_001166056	-1.10432096
CYTH2	NM_004228;NM_017457	-1.355102129
LLGL1	NM_004140	-1.586816138
DND1	NM_194249	-1.212071792
NA	Intergenic	-1.188363858
ITGA3	NM_002204;NM_005501	-1.046912889
SLC25A39	NM_001143780;NM_016016	-1.576016014
SLC26A6 MIR6824	NM_001281733;NM_134263;NM_134426;NM_022911;NM_001040454;NM_001281732;NR_106882	-1.278505617
TNKS1BP1	NM_033396	-1.164886787
MGAT1	NM_002406;NM_001114619;NM_001114620;NM_001114618;NM_001114617	-1.286338632
UBE2V1 TMEM189-UBE2V1 TMEM189	NM_001282578;NM_199203;NM_199144;NM_022442;NM_021988;NM_001282575;NM_001257394;NM_001257393;NR_047554;NM_001282579;NM_001282577;NM_001282576;NM_001257399;NM_001257398;NM_001257397;NM_001257396;NM_001257395;NM_001032288;NR_104218;NM_001282580;NM_001162505;NM_199129;NR_027889	-1.444891549
IDI1	NM_004508	-1.354437673
CTTN	NM_001184740;NM_005231;NM_138565	-1.048325705
FAM102A	NM_203305;NM_001035254	-1.60479029
TMEM184A	NM_001097620	-1.009416335
SLC35C2	NM_001281458;NM_001281459;NM_001281460;NM_015945;NM_173073;NM_173179;NM_001281457	-1.479934016
BCAR1	NM_001170714;NM_001170719;NM_001170718;NM_001170716;NM_001170715;NM_001170720;NM_014567;NM_001170717;NM_001170721	-1.218021853
TRRAP MIR3609 LOC101927550	NM_001244580;NM_003496;NR_037403;NR_110102	-1.541699039
CCDC78	NM_001031737	-1.186554244
FAM173A	NM_023933;NM_001271285	-1.186554244
NA	Intergenic	-1.458365971
LPCAT2 CAPNS2	NM_017839;NM_032330	-1.46129334
TNRC18	NM_001080495	-1.368332006
NA	Intergenic	-1.633954659
NA	Intergenic	-1.514630306
NRDC MIR761	NM_001101662;NM_002525;NM_001242361;NR_031580	-1.030088163
CSF1	NM_172210;NM_172212;NM_000757;NM_172211	-1.346709724
SZRD1	NM_001114600;NM_001271869;NR_073500;NR_073501;NR_073502;NR_073503	-1.0931523
BRF1	NM_001242788;NM_001242787;NM_001242786;NM_001519;NM_001242789;NM_145685;NM_001242790	-1.02663907
NA	Intergenic	-1.232167103
KANK2 LOC112993	NM_001136191;NM_015493	-1.555018699
NA	Intergenic	-1.00059105
LPCAT2 CAPNS2	NM_017839;NM_032330	-1.369463245
NA	Intergenic	-1.001807944
ADIRF AGAP11	NM_006829;NM_133447	-1.309614614
NA	Intergenic	-1.133754075
ZNF787	NM_001002836	-1.267736254
NOM1	NM_138400	-1.588969924
ITGA5	NM_002205	-1.453520978
LOC102724050	NR_120486;NR_120487;NR_120488	-1.453520978
STKLD1	NM_153710;NR_103997	-1.051991482
NA	Intergenic	-1.096099582
NA	Intergenic	-1.320005051
ABCB8	NM_001282291;NM_001282292;NM_001282293;NM_007188	-1.417373985
TBC1D2 MIR6854	NR_051978;NM_001267571;NM_018421;NM_001267572;NR_106913	-1.018525495
AKR1B1	NM_001628	-1.265454274
NA	Intergenic	-1.27858093
FBXO6	NM_018438	-1.367882797
CDC42EP2	NM_006779	-1.562616342
XRRA1	NM_001270380;NM_001270381;NM_182969	-1.327704519
TMEM201	NM_001010866;NM_001130924	-1.411114879
CYBA LOC113689	NM_000101	-1.105976639
MGST1	NM_145792;NM_001260511;NM_001260512;NM_020300;NR_048545;NM_001267598;NM_145791;NR_048547;NM_145764	-1.351589158
IGHMBP2	NM_002180	-1.454521854
NA	Intergenic	-1.309685058
PDCD6 AHRR	NM_001267558;NM_013232;NM_001267559;NM_001267557;NM_001267556;NR_073609;NM_001242412;NM_020731	-1.068284244
TMEM43 LOC116287 LOC95749	NM_024334	-1.262038889
BCL9L	NM_182557	-1.155243132
SON MIR6501	NM_001291411;NM_032195;NM_001291412;NM_138927;NR_103797;NR_106756	-1.334142321
RMND5B	NM_001288794;NM_001288795;NM_022762	-1.34811007
ABCC3	NM_001144070;NM_003786	-1.167639167
NCDN	NM_001014839;NM_001014841;NM_014284	-1.151455833
PLPPR2	NM_001170635;NM_022737	-1.159874109
MAPRE1	NM_012325	-1.094991252
CCDC124	NM_001136203;NM_138442	-1.114408975
VRK3	NM_001025778;NM_016440	-1.039767167
ZNF408	NM_024741;NM_001184751	-1.144969429
ATP6V0D1	NM_004691	-1.465092453
FAM129B	NM_022833;NM_001035534	-1.329152688
SPNS2	NM_001124758	-1.274704886
MYBBP1A	NM_001105538;NM_014520	-1.274704886
SCD	NM_005063	-1.31221975
NA	Intergenic	-1.06222821
AEN	NM_022767	-1.445629663
CD9	NM_001769	-1.508219887
VGLL4	NM_001128219;NM_001284390;NM_014667;NM_001284391;NM_001128220;NM_001128221	-1.073733391
CHI3L1	NM_001276	-1.382162535
NA	Intergenic	-1.013660216
VCAN LOC115808 LOC113141 LOC95622	NM_001126336;NM_001164097;NM_001164098;NM_004385	-1.526249403
NA	Intergenic	-1.271088984
NA	Intergenic	-1.401402161
PPP1R3B	NM_024607;NM_001201329	-1.411635053
MICALL2	NM_182924	-1.398962494
ZDHHC13	NM_001001483;NM_019028	-1.288107164
GUSBP11	NR_024448	-1.014735501
GABARAPL1	NM_031412	-1.277067741
NARFL	NM_022493	-1.051101805
NA	Intergenic	-1.487390123
PMAIP1 LOC125356 LOC115959	NM_021127	-1.229140964
PDE6G	NR_026872;NM_002602	-1.466746366
ARHGAP39	NM_025251	-1.037711672
DUSP10	NR_111939;NM_007207;NR_111940	-1.388360486
ZNF316	NM_001278559	-1.453036628
VCL	NM_003373;NM_014000	-1.465426469
NA	Intergenic	-1.52756377
SLA2	NM_032214;NM_175077	-1.177622963
LRRC46	NM_033413	-1.022139309
SERINC4	NM_001258031;NM_001258032	-1.131579245
SERF2 SERF2-C15ORF63 HYPK	NM_001199877;NM_001018108;NM_001199875;NM_001199876;NR_037672;NR_037673;NM_001199878;NM_001199885;NM_016400	-1.131579245
NA	Intergenic	-1.218584263
AKT1	NM_005163;NM_001014431;NM_001014432	-1.019533448
GPATCH3	NM_022078	-1.011641184
BSDC1	NM_001143888;NM_001143889;NM_001143890;NM_001300958;NM_018045;NR_125352	-1.471242197
TKT	NM_001135055;NM_001064;NM_001258028;NR_047580	-1.068020759
SLC9A1	NR_046474;NM_003047	-1.009726867
EPS8L1	NM_133180;NM_017729	-1.172952694
TRMT1	NM_001142554;NM_017722;NM_001136035	-1.099135245
CPNE7	NM_014427;NM_153636	-1.350341904
GGNBP2	NM_024835	-1.109006081
PARK7	NM_001123377;NM_007262	-1.130480811
ZER1	NM_006336	-1.40657179
LOC100506100	NR_046240	-1.40657179
GIGYF1	NM_022574	-1.084618063
FAM102A	NM_203305;NM_001035254	-1.124514236
RHBDF2	NM_001005498;NM_024599	-1.267018906
RMND5B	NM_001288794;NM_001288795;NM_022762	-1.05715252
SGMS1	NM_147156	-1.428003134
C1orf167	NM_001010881	-1.206144941
MTHFR	NM_005957	-1.206144941
NA	Intergenic	-1.16375985
CREB3L3	NM_001271995;NM_001271996;NM_001271997;NM_032607	-1.323237772
FANCI	NM_001113378;NM_018193	-1.169014999
LRRC46	NM_033413	-1.089924945
SCRN2	NM_001145023;NM_138355	-1.089924945
DVL1 MIR6808	NM_004421;NR_106866	-1.174639586
CLMP	NM_024769	-1.066640482
NA	Intergenic	-1.071659037
DLK2	NM_001286655;NM_206539;NM_023932;NM_001286656	-1.418171467
ARAP3	NM_022481	-1.277101214
RUSC2	NR_052015;NM_014806;NM_001135999	-1.068325354
FAM166B	NM_001099951;NM_001164310;NM_001287238;NM_001287239	-1.068325354
CAMKK1	NM_172206;NM_032294;NM_172207	-1.430940765
CEMP1	NM_001048212	-1.188089154
AMDHD2	NM_015944;NM_001145815	-1.188089154
DDX39A	NR_046366;NM_005804	-1.177233045
NA	Intergenic	-1.351547542
RHOBTB2	NM_001160036;NM_001160037;NM_015178	-1.267500414
INO80B INO80B-WBP1 WBP1	NM_031288;NR_037849;NM_012477	-1.33500624
SOWAHC	NM_023016	-1.220430028
NA	Intergenic	-1.319400185
NA	Intergenic	-1.264156389
FBXO17 LOC148161	NM_148169;NM_024907;NR_104026	-1.371816339
PRRX1	NM_006902;NM_022716	-1.415068778
LARS2-AS1	NR_048543	-1.337475372
LARS2	NM_015340	-1.337475372
BCL9L	NM_182557	-1.022098192
MARK4	NM_001199867;NM_031417	-1.328640281
RMND5B	NM_001288794;NM_001288795;NM_022762	-1.057702528
CAPN1	NM_001198868;NM_001198869;NM_005186;NR_040008	-1.26165797
NA	Intergenic	-1.290343405
CNOT3	NM_014516	-1.068748595
BSDC1	NM_001143888;NM_001143889;NM_001143890;NM_001300958;NM_018045;NR_125352	-1.318878793
MAP2K3	NM_145109;NM_002756	-1.32822584
C7orf50 MIR339	NM_001134395;NM_001134396;NM_032350;NR_029898	-1.144414262
LRP1 MIR1228	NM_002332;NR_031597	-1.275202976
ATP4A	NM_000704	-1.201340834
AHDC1	NM_001029882	-1.300852392
PDE6G	NR_026872;NM_002602	-1.136684351
CASKIN2	NM_020753;NM_001142643	-1.030609904
SMG5	NM_015327	-1.296531318
DDB2 LOC113427	NM_000107;NM_001300734	-1.294002749
NA	Intergenic	-1.203981482
NA	Intergenic	-1.360648567
RUNX1 RUNX1-IT1	NM_001001890;NM_001754;NM_001122607;NR_026812	-1.238477194
STX16 STX16-NPEPL1 NPEPL1	NR_037942;NR_037945;NR_037943;NR_037941;NM_003763;NM_001204868;NM_001134773;NM_001134772;NM_001001433;NM_001204872;NM_001204873;NM_024663	-1.008039064
BCAR1	NM_001170714;NM_001170719;NM_001170718;NM_001170716;NM_001170715;NM_001170720;NM_014567;NM_001170717;NM_001170721	-1.143378289
RAB8B	NM_016530	-1.263461444
CAPN2	NM_001146068;NM_001748	-1.338766599
USP36	NM_025090	-1.290407568
NA	Intergenic	-1.360057146
SPSB1	NM_025106	-1.14604317
AKT1	NM_005163;NM_001014431;NM_001014432	-1.109640692
ACSF3	NM_001243279;NM_001284316;NM_174917;NR_104293;NM_001127214;NR_045667	-1.049752396
CAVIN1	NM_012232	-1.287934935
PACS2	NM_001243127;NM_001100913;NM_015197	-1.328885326
NA	Intergenic	-1.222932666
MED9	NM_018019	-1.064353412
PDCD6 AHRR	NM_001267558;NM_013232;NM_001267559;NM_001267557;NM_001267556;NR_073609;NM_001242412;NM_020731	-1.063093425
ZNF316	NM_001278559	-1.140140993
LINC01411	NR_125806	-1.282396086
NA	Intergenic	-1.281651019
NA	Intergenic	-1.142161398
WBP2	NM_012478	-1.139660265
ZMIZ1	NM_020338	-1.043257663
TSPAN14	NM_001128309;NM_030927	-1.150361201
MTCH1	NM_001271641;NM_014341	-1.213403638
ARHGEF2 MIR6738	NM_004723;NM_001162383;NM_001162384;NR_106796	-1.249529759
AHDC1	NM_001029882	-1.353999271
CD5	NM_014207	-1.027174351
DOC2GP	NR_033791	-1.02423647
ADCK5	NM_174922	-1.058859203
PCDH7 LOC133056 LOC113601 LOC96419	NM_032456;NM_002589;NM_001173523;NM_032457	-1.047832714
INTS1	NM_001080453	-1.208235787
NCKAP5L	NM_001037806	-1.056959175
SLC35C2	NM_001281458;NM_001281459;NM_001281460;NM_015945;NM_173073;NM_173179;NM_001281457	-1.162643329
STAT6	NM_001178078;NM_003153;NR_033659;NM_001178081;NM_001178079;NM_001178080	-1.099238359
NA	Intergenic	-1.057172581
CD81	NM_001297649;NM_004356	-1.068717419
BAIAP2L1	NM_018842	-1.144532352
SSH1	NM_018984;NM_001161331;NM_001161330	-1.09370074
AEN	NM_022767	-1.052702282
NUTM2B	NM_001278495	-1.281583125
NUTM2B-AS1	NR_120613;NR_120611;NR_120612	-1.281583125
NA	Intergenic	-1.3263176
NA	Intergenic	-1.112233186
ARHGAP1	NM_004308	-1.161122686
DNPEP	NM_012100	-1.037435135
SCD	NM_005063	-1.321521004
B4GALNT1	NM_001276468;NM_001478;NM_001276469	-1.267702042
SLC26A10	NM_133489	-1.267702042
NA	Intergenic	-1.100764849
DDX54 MIR7106	NM_001111322;NM_024072;NR_106956	-1.012649136
NA	Intergenic	-1.101736494
NA	Intergenic	-1.166586437
RECQL5	NM_004259;NM_001003715;NM_001003716	-1.072441361
ACSF2	NM_001288972;NM_001288969;NM_025149;NM_001288971;NM_001288970;NM_001288968;NR_110232	-1.141444322
AP5B1	NM_138368	-1.077129676
GNB1	NM_001282538;NM_001282539;NM_002074	-1.236191248
WDR4	NM_033661;NM_001260476;NM_018669;NR_048535;NM_001260474;NM_001260477;NM_001260475	-1.211838643
CREB3L3	NM_001271995;NM_001271996;NM_001271997;NM_032607	-1.21621391
NA	Intergenic	-1.006691547
LINC-PINT	NR_109855;NR_109851;NR_109852;NR_109853;NR_109854;NR_109850;NR_015431;NR_024153	-1.124798448
SLC22A20	NM_001004326;NR_033396	-1.024114585
MEF2B BORCS8-MEF2B BORCS8	NM_001145785;NM_005919;NR_027307;NR_027308;NM_001145784;NM_001145783	-1.078006948
THRA LOC95060	NM_001190919;NM_199334;NM_001190918;NM_003250	-1.141495251
NR1D1	NM_021724	-1.141495251
MLXIP	NM_014938	-1.12000359
GAPDHS	NM_014364	-1.03672605
TMEM147-AS1	NR_038396	-1.03672605
LOC100130357	NM_001242698	-1.135471976
DENR	NM_003677	-1.105649964
TOX2	NM_001098797;NM_032883;NM_001098796;NM_001098798	-1.279533426
TBRG4 SNORA5A SNORA5C SNORA5B	NM_001261834;NM_004749;NM_030900;NM_199122;NR_002919;NR_002991;NR_002990	-1.217973471
PTMS	NM_002824	-1.144706588
KLF3	NM_016531	-1.214528566
NA	Intergenic	-1.278159008
PSAP	NM_001042465;NM_001042466;NM_002778	-1.224066429
CHAD	NM_001267	-1.191933704
ACSF2	NM_001288972;NM_001288969;NM_025149;NM_001288971;NM_001288970;NM_001288968;NR_110232	-1.191933704
OPA3	NM_001017989;NM_025136	-1.089952925
NUDT1	NM_002452;NM_198949;NM_198948;NM_198950;NM_198952;NM_198953;NM_198954	-1.123898317
PRMT1 MIR5088	NM_001207042;NM_001536;NM_198318;NR_033397;NR_049811	-1.252100307
CREB3L2	NM_194071;NM_001253775	-1.03467173
NA	Intergenic	-1.230294026
NA	Intergenic	-1.036105204
SMIM15-AS1	NR_109908	-1.157945787
SMIM15	NM_001048249	-1.157945787
KIF7	NM_198525	-1.256062841
NUTM2B-AS1	NR_120613;NR_120611;NR_120612	-1.244676088
NUTM2B	NM_001278495	-1.244676088
GRAMD1A	NM_001136199;NM_020895	-1.249426126
S100A16	NM_080388	-1.104860404
RUSC1-AS1	NM_001039517	-1.004655535
RUSC1	NM_001105203;NM_001105204;NM_001105205;NM_001278227;NM_001278228;NM_001278229;NM_014328;NM_001278230;NR_103478	-1.004655535
FDPS	NM_001135822;NM_001242824;NM_001242825;NM_002004;NM_001135821	-1.004655535
TBL2	NM_012453	-1.21189029
NA	Intergenic	-1.070397532
ATG14	NM_014924	-1.075900822
ACSF2	NM_001288972;NM_001288969;NM_025149;NM_001288971;NM_001288970;NM_001288968;NR_110232	-1.068269638
MARK4	NM_001199867;NM_031417	-1.18308007
NA	Intergenic	-1.192868787
RNF216P1	NR_015449;NR_023384;NR_023385	-1.117040638
SYMPK	NM_004819	-1.080050993
NA	Intergenic	-1.130998692
AMBRA1 MIR3160-1	NM_017749;NM_001267782;NM_001267783;NM_001300731;NR_036117	-1.18033739
NA	Intergenic	-1.105055355
NA	Intergenic	-1.136144962
TUBGCP2	NM_001256617;NM_001256618;NM_006659;NR_046330	-1.039445051
NA	Intergenic	-1.140873984
ATP4A	NM_000704	-1.182866562
C15orf39	NM_015492	-1.189199779
BIN3 BIN3-IT1	NM_018688;NR_027715	-1.037974368
MAP7D1	NM_018067;NM_001286366;NM_001286365	-1.045932178
BDNF	NM_001143810;NM_170733;NM_001143811;NM_001143807;NM_001143805;NM_001143806;NM_170732;NM_170731;NM_001143808;NM_001143812;NM_001709;NM_001143814;NM_001143813;NM_170734;NM_170735;NM_001143816;NM_001143809	-1.015349247
TTYH3	NM_025250	-1.080908501
NA	Intergenic	-1.079296405
UNC45A	NM_001039675;NM_018671	-1.008484219
CXXC5	NM_016463	-1.043942491
MYH9 MIR6819	NM_002473;NR_106877	-1.067807644
GGT8P	NR_003503	-1.056064585
PQLC1	NM_001146343;NM_001146345;NM_025078	-1.023167018
RNF216P1	NR_015449;NR_023384;NR_023385	-1.144788452
ITPRIP	NM_001272012;NM_033397;NM_001272013	-1.085919424
ACTN4	NM_004924	-1.088953044
KLHL21	NM_014851	-1.057756545
TBC1D3H TBC1D3G TBC1D3F	NM_001123392;NM_001291462;NM_032258	-1.046611322
SMUG1	NM_001243787;NM_001243788;NM_014311;NM_001243791;NR_045039;NM_001243790;NM_001243789	-1.072670991
KAZALD1	NM_030929	-1.041274823
ZMIZ1	NM_020338	-1.029847146
PKD2L2	NM_001258448;NM_001258449;NM_014386;NM_001300921	-1.134052597
GPRC5A	NM_003979	-1.066306483
TSNARE1	NM_145003;NM_001291931	-1.11436428
NUTM2B-AS1	NR_120613;NR_120611;NR_120612	-1.107864513
NUTM2B	NM_001278495	-1.107864513
NLRC5	NM_032206	-1.038202377
GOLGA3	NM_005895;NM_001172557	-1.095825721
OCIAD2	NM_001014446;NM_001286773;NM_001286774;NM_152398;NR_104589	-1.101811368
LRRC45	NM_144999	-1.110733279
SHROOM1	NM_133456;NM_001172700	-1.130192966
TOP3B	NM_001282112;NM_001282113;NM_003935	-1.074779247
IMPDH1	NM_001142576;NM_183243;NM_001102605;NM_000883;NM_001142575;NM_001142574;NM_001142573	-1.138933587
TGFBI	NM_000358	-1.120369664
AKR1B1	NM_001628	-1.124878692
RUNX1 RUNX1-IT1	NM_001001890;NM_001754;NM_001122607;NR_026812	-1.126968654
ITPR3	NM_002224	-1.0704166
NA	Intergenic	-1.111784548
ANKRD11	NM_013275;NM_001256183;NM_001256182;NR_045839	-1.002614316
AHDC1	NM_001029882	-1.051856663
COQ8A	NM_020247	-1.071344334
MYO18A TIAF1	NM_078471;NM_203318;NM_004740	-1.10013697
SGF29	NM_138414	-1.046502158
CASKIN2	NM_020753;NM_001142643	-1.008054084
RPTOR	NM_001163034;NM_020761	-1.004458693
NA	Intergenic	-1.075816121
KCNG2	NM_012283	-1.055919179
PHF12	NM_001033561;NM_001290131;NM_020889	-1.067928977
SPSB1	NM_025106	-1.069715505
TMEM115	NM_007024	-1.04002572
CYB561D2	NM_001291284;NM_007022;NR_111912;NR_111914;NR_111913	-1.04002572
ADORA2B	NM_000676	-1.062556323
NA	Intergenic	-1.073374841
ATP13A1	NM_020410	-1.000044322
ACAA1	NM_001130410;NM_001607;NR_024024	-1.045674045
DLEC1 LOC132232	NM_007335;NM_007337	-1.045674045
CST3	NM_001288614;NM_000099	-1.047920492
MAP2K3	NM_145109;NM_002756	-1.045476076
LRRFIP1	NM_001137550;NM_001137552;NM_001137553;NM_004735;NM_001137551	-1.022526569
TOP3B	NM_001282112;NM_001282113;NM_003935	-1.030686783
NCOR2 MIR6880	NM_001077261;NM_001206654;NM_006312;NR_106940	-1.028375001
NA	Intergenic	-1.031460258
CERS2	NM_181746;NM_022075	-1.009434603
TPCN1 MIR6762	NM_001143819;NM_017901;NM_001301214;NR_106820	-1.034540106
LRRC45	NM_144999	-1.012243328
DDX11L2	NR_024005;NR_024004	-1.005034933
SOGA1	NM_199181;NM_080627	-1.006997106
VAC14 LOC96849	NM_018052	-1.005824994
NA	Intergenic	Infneg
MAPRE3	NM_012326	Infneg
TECPR1	NM_015395	Infneg
TRNT1	NM_001302946;NM_182916	Infneg
